Gannon;18/06/1970;Ijebu Ode
Brian;28/04/1974;Rocca San Felice
Vladimir;21/05/1973;Gespeg
Yael;08/03/1974;Yangsan
Kitra;30/05/1974;Vialky
Edan;15/06/1973;Chetwynd
Mariam;19/08/1973;Banda
Michelle;24/01/1972;Alma
Brett;09/08/1974;Lincoln
Tasha;22/06/1971;Rocourt
Jasmine;07/04/1973;Kirkland
Cameran;01/01/1971;Bad Vilbel
Dieter;15/02/1972;San Juan de Girón
Fatima;03/07/1970;Villach
Halla;02/07/1971;Qualicum Beach
Lamar;19/05/1974;Lummen
Barclay;11/10/1972;Biloxi
Levi;09/06/1974;Paju
Jordan;28/05/1972;Ivanteyevka
Lucas;24/03/1973;Pietraroja
Rebekah;08/12/1971;Montgomery
Stephen;13/04/1971;Lodine
Elmo;09/06/1973;Tufara
Melanie;04/01/1970;Massenhoven
Jonah;19/03/1973;FerriŽres
Tate;28/09/1971;Grand Island
Alika;31/07/1972;Dera Ismail Khan
Arthur;24/01/1971;Kaluga
Rudyard;13/01/1972;Waterbury
Madonna;13/08/1972;Zonhoven
Fallon;17/03/1970;Lolol
Alexis;19/03/1974;Huaraz
Myles;20/08/1973;Llanidloes
Melanie;31/12/1974;Yamuna Nagar
Alan;08/04/1971;Mirzapur-cum-Vindhyachal
Melanie;30/09/1970;Opoeteren
Avram;25/03/1973;Cartago
Wayne;26/07/1973;Assen
Jocelyn;23/08/1973;Notre-Dame-du-Nord
Garrett;22/03/1972;Opheylissem
Althea;20/07/1970;Penticton
Buffy;26/05/1971;Chimay
Farrah;22/05/1972;Bolshevo
Iris;04/02/1970;Secunderabad
Patricia;14/05/1973;Santa Fiora
Clayton;21/12/1974;Fochabers
Keefe;09/04/1970;Wiener Neustadt
Erin;10/01/1970;Rattray
Mikayla;26/12/1970;Caldarola
Xavier;19/12/1974;Heilbronn
Gil;17/05/1973;Lathuy
Ainsley;27/08/1971;Vernole
Olivia;11/12/1974;Perinaldo
Jonah;29/06/1971;Bollnäs
Abbot;27/04/1972;San Sostene
Brenna;12/08/1972;Thirimont
Autumn;25/06/1971;Cimolais
Nathaniel;10/02/1973;Spy
Maile;18/12/1970;Kalininets
Nathaniel;22/11/1974;Goutroux
Kelsie;18/01/1972;Ereğli
Wynter;04/01/1974;Flin Flon
Alisa;22/10/1970;Hudiksvall
Alan;17/01/1971;Rigolet
Zachery;07/07/1974;Dolembreux
Troy;16/11/1971;Gandhidham
Ira;03/04/1971;Curacaví
Laura;10/05/1972;Grimsby
Dorian;19/08/1974;Werbomont
Harding;17/07/1970;San José de Maipo
Forrest;02/05/1974;Paine
Ila;24/04/1974;Wevelgem
Maisie;31/07/1973;Kirkby Lonsdale
Clare;10/11/1974;Dubbo
Lacota;27/06/1974;Borgo Valsugana
Gil;09/11/1972;Matamata
Kane;17/05/1972;Talca
Sloane;05/02/1971;Kielce
Dillon;14/03/1972;Hattem
Tallulah;10/05/1974;Agra
Leigh;21/12/1974;Reus
Isaiah;13/02/1970;Florianópolis
Kamal;29/10/1972;Malle
Heidi;29/04/1970;Ambresin
Shay;04/11/1973;Barmouth
Eric;14/08/1970;Nobressart
Wade;23/01/1974;Saint-L�onard
Rashad;20/06/1973;Yurzhnouralsk
Oren;30/01/1971;Burdinne
Colette;22/04/1974;Perk
Selma;09/08/1974;Buner
Sydnee;07/09/1974;Juneau
Autumn;25/10/1973;Baardegem
Hop;28/03/1974;North Cowichan
Jamal;26/10/1974;Portofino
Nehru;06/05/1973;Prè-Saint-Didier
Stuart;29/08/1970;Grande Cache
Gabriel;30/09/1972;Mazy
Burton;03/11/1971;Malegaon
Stephanie;04/04/1974;Kontich
